Journal,Name,Role,Gender,Country,Year of PhD,Anglophone Country,,,,,,,,,,,,,,,,,,,
PSP,William Clark,Board,Male,USA,1964,Yes,,,,,,,,,,,,,,,,,,,
EPB,J. Philip Steadman,Board,Male,UK,1966,Yes,,,,,,,,,,,,,,,,,,,
JGS,Keith Ord,Board,Male,USA,1967,Yes,,,,,,,,,,,,,,,,,,,
IJGIS,Michael Goodchild,Board,Male,USA,1969,Yes,,,,,,,,,,,,,,,,,,,
PSP,Russell King,Board,Male,UK,1970,Yes,,,,,,,,,,,,,,,,,,,
JTG,Peter Nijkamp,Board,Male,Netherlands,1972,No,,,,,,,,,,,,,,,,,,,
PSP,Tony Champion,Board,Male,UK,1972,Yes,,,,,,,,,,,,,,,,,,,
GA,Gordon Mulligan,Board,Male,USA,1972,Yes,,,,,,,,,,,,,,,,,,,
PSP,Philip Rees,Board,Male,UK,1973,Yes,,,,,,,,,,,,,,,,,,,
JTG,Kevin O'Connor,Associate Editor,Male,Australia,1974,Yes,,,,,,,,,,,,,,,,,,,
CEUS,Daniel Czamanski,Board,Male,Israel,1974,No,,,,,,,,,,,,,,,,,,,
PSP,Paul White,Board,Male,UK,1974,Yes,,,,,,,,,,,,,,,,,,,
GA,Richard Church,Board,Male,USA,1974,Yes,,,,,,,,,,,,,,,,,,,
IJGIS,Atsuyuki Okabe,Board,Male,Japan,1975,No,,,,,,,,,,,,,,,,,,,
JGS,Harry J.P. Timmermans,Board,Male,Netherlands,1975,No,,,,,,,,,,,,,,,,,,,
GA,Roger Bivand,Board,Male,Norway,1975,No,,,,,,,,,,,,,,,,,,,
JTG,Gina Porter,Board,Female,UK,1975,Yes,,,,,,,,,,,,,,,,,,,
EPB,Helen Couclelis,Board,Female,USA,1977,Yes,,,,,,,,,,,,,,,,,,,
IJGIS,Donna Peuquet,Board,Female,USA,1977,Yes,,,,,,,,,,,,,,,,,,,
JTG,Derek Hall,Board,Male,UK,1978,Yes,,,,,,,,,,,,,,,,,,,
JGS,Daniel A. Griffith,Board,Male,USA,1978,Yes,,,,,,,,,,,,,,,,,,,
PSP,John Stillwell,Board,Male,UK,1979,Yes,,,,,,,,,,,,,,,,,,,
CEUS,Alan MacEachren,Board,Male,USA,1979,Yes,,,,,,,,,,,,,,,,,,,
GA,Sara McLafferty,Board,Female,USA,1979,Yes,,,,,,,,,,,,,,,,,,,
GA,Denise Pumain,Board,Female,France,1980,No,,,,,,,,,,,,,,,,,,,
CEUS,Anthony Yeh,Board,Male,Hong Kong,1980,No,,,,,,,,,,,,,,,,,,,
EPB,Anthony Yeh,Board,Male,Hong Kong,1980,No,,,,,,,,,,,,,,,,,,,
PSP,Allan M Findlay,Board,Male,UK,1980,Yes,,,,,,,,,,,,,,,,,,,
GA,Luc Anselin,Board,Male,USA,1980,Yes,,,,,,,,,,,,,,,,,,,
GA,Stewart Fotheringham,Board,Male,USA,1980,Yes,,,,,,,,,,,,,,,,,,,
JGS,Luc Anselin,Board,Male,USA,1980,Yes,,,,,,,,,,,,,,,,,,,
JGS,Stewart Fotheringham,Board,Male,USA,1980,Yes,,,,,,,,,,,,,,,,,,,
PSP,Nigel Walford,Board,Male,UK,1981,Yes,,,,,,,,,,,,,,,,,,,
GA,David Plane,Board,Male,USA,1981,Yes,,,,,,,,,,,,,,,,,,,
JTG,Patricia L. Mokhtarian,Board,Female,USA,1981,Yes,,,,,,,,,,,,,,,,,,,
JGS,Manfred M. Fischer,Editor in Chief,Male,Austria,1982,No,,,,,,,,,,,,,,,,,,,
CEUS,Yuji Murayama,Board,Male,Japan,1982,No,,,,,,,,,,,,,,,,,,,
JTG,Javier Gutiérrez,Board,Male,Spain,1982,No,,,,,,,,,,,,,,,,,,,
GA,Peter Rogerson,Board,Male,USA,1982,Yes,,,,,,,,,,,,,,,,,,,
IJGIS,Stephen Hirtle,Associate Editor,Male,USA,1982,Yes,,,,,,,,,,,,,,,,,,,
IJGIS,Keith Clarke,Board,Male,USA,1982,Yes,,,,,,,,,,,,,,,,,,,
CEUS,Paul Longley,Board,Male,UK,1983,Yes,,,,,,,,,,,,,,,,,,,
EPB,Paul Longley,Board,Male,UK,1983,Yes,,,,,,,,,,,,,,,,,,,
EPB,John Peponis,Board,Male,USA,1983,Yes,,,,,,,,,,,,,,,,,,,
GA,Jim LeSage,Board,Male,USA,1983,Yes,,,,,,,,,,,,,,,,,,,
JGS,James P. LeSage,Board,Male,USA,1983,Yes,,,,,,,,,,,,,,,,,,,
CEUS,Isabelle Thomas,Board,Female,Belgium,1984,No,,,,,,,,,,,,,,,,,,,
GA,Isabelle Thomas,Board,Female,Belgium,1984,No,,,,,,,,,,,,,,,,,,,
JGS,Isabelle Thomas,Board,Female,Belgium,1984,No,,,,,,,,,,,,,,,,,,,
JGS,Christine Thomas-Agnan,Board,Female,France,1984,No,,,,,,,,,,,,,,,,,,,
CEUS,Itzhak Benenson,Associate Editor,Male,Israel,1984,No,,,,,,,,,,,,,,,,,,,
CEUS,Michael Batty,Board,Male,UK,1984,Yes,,,,,,,,,,,,,,,,,,,
EPB,Michael Batty,Editor in Chief,Male,UK,1984,Yes,,,,,,,,,,,,,,,,,,,
EPB,Yoshiki Yamagata,Board,Male,Japan,1985,No,,,,,,,,,,,,,,,,,,,
JGS,Bernard Fingleton,Board,Male,UK,1985,Yes,,,,,,,,,,,,,,,,,,,
PSP,Richard Wright,Board,Male,USA,1985,Yes,,,,,,,,,,,,,,,,,,,
JGS,Jouke van Dijk,Board,Male,Netherlands,1986,No,,,,,,,,,,,,,,,,,,,
IJGIS,Shih-Lung Shaw,Board,Male,USA,1986,Yes,,,,,,,,,,,,,,,,,,,
JTG,John T. Bowen,Board,Male,USA,1986,Yes,,,,,,,,,,,,,,,,,,,
JTG,Shih-Lung Shaw,Board,Male,USA,1986,Yes,,,,,,,,,,,,,,,,,,,
TGIS,John Wilson,Editor in Chief,Male,USA,1986,Yes,,,,,,,,,,,,,,,,,,,
IJGIS,Brian Lees,Board,Male,Australia,1987,Yes,,,,,,,,,,,,,,,,,,,
JGS,Henk Folmer,Board,Male,Netherlands,1987,No,,,,,,,,,,,,,,,,,,,
GA,Peter M Atkinson,Board,Male,UK,1987,Yes,,,,,,,,,,,,,,,,,,,
JTG,Andrew Goetz,Board,Male,USA,1987,Yes,,,,,,,,,,,,,,,,,,,
IJGIS,Tapani Sarjakoski-Masala,Board,Male,Finland,1988,No,,,,,,,,,,,,,,,,,,,
JGS,Roger Bivand,Board,Male,Norway,1988,No,,,,,,,,,,,,,,,,,,,
PSP,Gunnar Malmberg,Board,Male,Sweden,1988,No,,,,,,,,,,,,,,,,,,,
CEUS,William Mackaness,Board,Male,UK,1988,Yes,,,,,,,,,,,,,,,,,,,
PSP,Emily Grundy,Board,Female,UK,1988,Yes,,,,,,,,,,,,,,,,,,,
CEUS,Jean-Claude Thill,Board,Male,USA,1988,Yes,,,,,,,,,,,,,,,,,,,
GA,Janet Franklin,Board,Female,USA,1988,Yes,,,,,,,,,,,,,,,,,,,
GA,Suchi Gopal,Board,Female,USA,1988,Yes,,,,,,,,,,,,,,,,,,,
JTG,Mike Kuby,Board,Male,USA,1988,Yes,,,,,,,,,,,,,,,,,,,
PSP,Mark Ellis,Board,Male,USA,1988,Yes,,,,,,,,,,,,,,,,,,,
PSP,Adrian Bailey,Board,Male,Hong Kong,1989,No,,,,,,,,,,,,,,,,,,,
TGIS,Qiming Zhou,Associate Editor,Male,Hong Kong,1989,No,,,,,,,,,,,,,,,,,,,
GA,Chris Brunsdon,Board,Male,Ireland,1989,Yes,,,,,,,,,,,,,,,,,,,
IJGIS,Chris Brunsdon,Board,Male,Ireland,1989,Yes,,,,,,,,,,,,,,,,,,,
TGIS,Chris Brunsdon,Board,Male,Ireland,1989,Yes,,,,,,,,,,,,,,,,,,,
IJGIS,Robert Weibel,Board,Male,Switzerland,1989,No,,,,,,,,,,,,,,,,,,,
TGIS,David Martin,Board,Male,UK,1989,Yes,,,,,,,,,,,,,,,,,,,
TGIS,Piotr Jankowski,Board,Male,USA,1989,Yes,,,,,,,,,,,,,,,,,,,
IJGIS,Guonian Lü (Lv),Board,Male,China,1990,No,,,,,,,,,,,,,,,,,,,
GA,Paul Elhorst ,Board,Male,Netherlands,1990,No,,,,,,,,,,,,,,,,,,,
JGS,Paul Elhorst,Board,Male,Netherlands,1990,No,,,,,,,,,,,,,,,,,,,
JTG,Janet Dickinson,Board,Female,UK,1990,Yes,,,,,,,,,,,,,,,,,,,
CEUS,David Wong,Board,Male,USA,1990,Yes,,,,,,,,,,,,,,,,,,,
GA,David Wong,Board,Male,USA,1990,Yes,,,,,,,,,,,,,,,,,,,
IJGIS,Jinfeng Wang,Board,Male,China,1991,No,,,,,,,,,,,,,,,,,,,
IJGIS,Andrew Skidmore,Board,Male,Netherlands,1991,No,,,,,,,,,,,,,,,,,,,
PSP,Ian Shuttleworth,Board,Male,UK,1991,Yes,,,,,,,,,,,,,,,,,,,
PSP,Aileen Stockdale,Editor in Chief,Female,UK,1991,Yes,,,,,,,,,,,,,,,,,,,
EPB,Harvey Miller,Board,Male,USA,1991,Yes,,,,,,,,,,,,,,,,,,,
GA,Harvey Miller,Associate Editor,Male,USA,1991,Yes,,,,,,,,,,,,,,,,,,,
IJGIS,Harvey Miller,Board,Male,USA,1991,Yes,,,,,,,,,,,,,,,,,,,
TGIS,Ling Bian,Board,Female,USA,1991,Yes,,,,,,,,,,,,,,,,,,,
JTG,Theo Notteboom,Board,Male,Belgium,1992,No,,,,,,,,,,,,,,,,,,,
IJGIS,Jianya Gong,Board,Male,China,1992,No,,,,,,,,,,,,,,,,,,,
TGIS,Jianya Gong,Board,Male,China,1992,No,,,,,,,,,,,,,,,,,,,
TGIS,Tian-Xiang Yue,Board,Male,China,1992,No,,,,,,,,,,,,,,,,,,,
EPB,Marc Barthelemy,Board,Male,France,1992,No,,,,,,,,,,,,,,,,,,,
TGIS,Marco Painho,Board,Male,Portugal,1992,No,,,,,,,,,,,,,,,,,,,
PSP,Keith Halfacree,Board,Male,UK,1992,Yes,,,,,,,,,,,,,,,,,,,
CEUS,Hassan Karimi,Board,Male,USA,1992,Yes,,,,,,,,,,,,,,,,,,,
JTG,David Keeling,Associate Editor,Male,USA,1992,Yes,,,,,,,,,,,,,,,,,,,
JTG,Antonio Nelson Rodrigues da Silva ,Board,Male,Brazil,1993,No,,,,,,,,,,,,,,,,,,,
JTG,Ron N. Buliung,Board,Male,Canada,1993,Yes,,,,,,,,,,,,,,,,,,,
GA,Gerard Heuvelink,Board,Male,Netherlands,1993,No,,,,,,,,,,,,,,,,,,,
PSP,Clara Mulder,Board,Female,Netherlands,1993,No,,,,,,,,,,,,,,,,,,,
CEUS,Mark Gahegan,Board,Male,New Zealand,1993,Yes,,,,,,,,,,,,,,,,,,,
GA,Mark Gahegan,Board,Male,New Zealand,1993,Yes,,,,,,,,,,,,,,,,,,,
TGIS,Mark Gahegan,Board,Male,New Zealand,1993,Yes,,,,,,,,,,,,,,,,,,,
IJGIS,Natalia Andrienko,Board,Female,UK,1993,Yes,,,,,,,,,,,,,,,,,,,
PSP,Myles Gould,Board,Male,UK,1993,Yes,,,,,,,,,,,,,,,,,,,
TGIS,Anthony Stefanidis,Board,Male,USA,1993,Yes,,,,,,,,,,,,,,,,,,,
PSP,Martin Bell,Board,Male,Australia,1994,Yes,,,,,,,,,,,,,,,,,,,
PSP,Bruce Newbold,Board,Male,Canada,1994,Yes,,,,,,,,,,,,,,,,,,,
JTG,James Wang,Board,Male,Hong Kong,1994,No,,,,,,,,,,,,,,,,,,,
PSP,Jianfa Shen,Board,Male,Hong Kong,1994,No,,,,,,,,,,,,,,,,,,,
IJGIS,Yukio Sadahiro,Board,Male,Japan,1994,No,,,,,,,,,,,,,,,,,,,
TGIS,Nicholas Tate,Board,Male,UK,1994,Yes,,,,,,,,,,,,,,,,,,,
CEUS,Sergio Rey,Board,Male,USA,1994,Yes,,,,,,,,,,,,,,,,,,,
EPB,Piyushimita Thakuriah,Board,Female,USA,1994,Yes,,,,,,,,,,,,,,,,,,,
GA,Mei-Po Kwan,Board,Female,USA,1994,Yes,,,,,,,,,,,,,,,,,,,
GA,Sergio Rey,Board,Male,USA,1994,Yes,,,,,,,,,,,,,,,,,,,
IJGIS,May Yuan,Editor in Chief,Female,USA,1994,Yes,,,,,,,,,,,,,,,,,,,
IJGIS,Dawn Wright,Board,Female,USA,1994,Yes,,,,,,,,,,,,,,,,,,,
IJGIS,Mei-Po Kwan,Board,Female,USA,1994,Yes,,,,,,,,,,,,,,,,,,,
IJGIS,"Robert Gilmore Pontius, Jr.",Board,Male,USA,1994,Yes,,,,,,,,,,,,,,,,,,,
IJGIS,Sergio Rey,Board,Male,USA,1994,Yes,,,,,,,,,,,,,,,,,,,
JTG,Benjamin Zhan,Board,Male,USA,1994,Yes,,,,,,,,,,,,,,,,,,,
JTG,Jean-Paul Rodrigue,Board,Male,USA,1994,Yes,,,,,,,,,,,,,,,,,,,
JTG,Mei-Po Kwan,Board,Female,USA,1994,Yes,,,,,,,,,,,,,,,,,,,
TGIS,Dawn Wright,Board,Female,USA,1994,Yes,,,,,,,,,,,,,,,,,,,
TGIS,Qing Zhu,Board,Male,China,1995,No,,,,,,,,,,,,,,,,,,,
CEUS,Ross Purves,Board,Male,Switzerland,1995,No,,,,,,,,,,,,,,,,,,,
IJGIS,Nicholas Tate,Board,Male,UK,1995,Yes,,,,,,,,,,,,,,,,,,,
PSP,Clare Holdsworth,Board,Female,UK,1995,Yes,,,,,,,,,,,,,,,,,,,
CEUS,Alan Murray,Board,Male,USA,1995,Yes,,,,,,,,,,,,,,,,,,,
EPB,Emily Talen,Board,Female,USA,1995,Yes,,,,,,,,,,,,,,,,,,,
GA,Alan Murray,Board,Male,USA,1995,Yes,,,,,,,,,,,,,,,,,,,
IJGIS,Alan Murray,Board,Male,USA,1995,Yes,,,,,,,,,,,,,,,,,,,
TGIS,Alan Murray,Board,Male,USA,1995,Yes,,,,,,,,,,,,,,,,,,,
TGIS,Graciela Metternicht,Board,Female,Australia,1996,Yes,,,,,,,,,,,,,,,,,,,
IJGIS,Xia Li,Board,Male,China,1996,No,,,,,,,,,,,,,,,,,,,
CEUS,Alexander Zipf,Board,Male,Germany,1996,No,,,,,,,,,,,,,,,,,,,
CEUS,Juergen Doellner,Board,Male,Germany,1996,No,,,,,,,,,,,,,,,,,,,
IJGIS,Francis Harvey,Board,Male,Germany,1996,No,,,,,,,,,,,,,,,,,,,
CEUS,Stan Geertman,Board,Male,Netherlands,1996,No,,,,,,,,,,,,,,,,,,,
JTG,Dick Ettema,Board,Male,Netherlands,1996,No,,,,,,,,,,,,,,,,,,,
CEUS,Bin Jiang,Board,Male,Sweden,1996,No,,,,,,,,,,,,,,,,,,,
JGS,Andrés Rodríguez-Pose,Editor in Chief,Male,UK,1996,Yes,,,,,,,,,,,,,,,,,,,
EPB,Luis Bettencourt,Board,Male,USA,1996,Yes,,,,,,,,,,,,,,,,,,,
JGS,Petra Staufer-Steinnocher,Associate Editor,Female,Austria,1997,No,,,,,,,,,,,,,,,,,,,
IJGIS,Renee Sieber,Board,Female,Canada,1997,Yes,,,,,,,,,,,,,,,,,,,
JTG,Laetitia Dablanc,Board,Female,France,1997,No,,,,,,,,,,,,,,,,,,,
IJGIS,Bo Huang,Associate Editor,Male,Hong Kong,1997,No,,,,,,,,,,,,,,,,,,,
JTG,Becky Loo,Associate Editor,Female,Hong Kong,1997,No,,,,,,,,,,,,,,,,,,,
IJGIS,Chiara Renso,Board,Female,Italy,1997,No,,,,,,,,,,,,,,,,,,,
JTG,Markus Hesse,Board,Male,Luxembourg,1997,No,,,,,,,,,,,,,,,,,,,
JTG,Karen Lucas,Board,Female,UK,1997,Yes,,,,,,,,,,,,,,,,,,,
PSP,Hill Kulu,Board,Male,UK,1997,Yes,,,,,,,,,,,,,,,,,,,
PSP,Darren Smith,Editor in Chief,Male,UK,1997,Yes,,,,,,,,,,,,,,,,,,,
GA,Elizabeth Wentz,Associate Editor,Female,USA,1997,Yes,,,,,,,,,,,,,,,,,,,
TGIS,Scott Mackay,Board,Male,USA,1997,Yes,,,,,,,,,,,,,,,,,,,
JTG,Frank Witlox,Editor in Chief,Male,Belgium,1998,No,,,,,,,,,,,,,,,,,,,
TGIS,Guo-an Tang,Board,Male,China,1998,No,,,,,,,,,,,,,,,,,,,
IJGIS,Christophe Claramunt,Associate Editor,Male,France,1998,No,,,,,,,,,,,,,,,,,,,
JTG,Donggen Wang,Board,Male,Hong Kong,1998,No,,,,,,,,,,,,,,,,,,,
IJGIS,Michael Bertolotto,Associate Editor,Female,Ireland,1998,Yes,,,,,,,,,,,,,,,,,,,
JGS,Gianmarco Ottaviano,Board,Male,Italy,1998,No,,,,,,,,,,,,,,,,,,,
PSP,Etienne Piguet,Board,Male,Switzerland,1998,No,,,,,,,,,,,,,,,,,,,
CEUS,Sarah Lindley,Board,Female,UK,1998,Yes,,,,,,,,,,,,,,,,,,,
JTG,Iain Docherty,Board,Male,UK,1998,Yes,,,,,,,,,,,,,,,,,,,
JTG,Kurt Fuellhart,Board,Male,USA,1998,Yes,,,,,,,,,,,,,,,,,,,
TGIS,Laxmi Ramasubramanian,Board,Female,USA,1998,Yes,,,,,,,,,,,,,,,,,,,
IJGIS,Matt Duckham,Board,Male,Australia,1999,Yes,,,,,,,,,,,,,,,,,,,
TGIS,Matt Duckham,Board,Male,Australia,1999,Yes,,,,,,,,,,,,,,,,,,,
CEUS,Suzana Dragicevic,Board,Female,Canada,1999,Yes,,,,,,,,,,,,,,,,,,,
GA,Suzana Dragicevic,Board,Female,Canada,1999,Yes,,,,,,,,,,,,,,,,,,,
JGS,Suzana Dragicevic,Board,Female,Canada,1999,Yes,,,,,,,,,,,,,,,,,,,
PSP,Yu Zhu,Board,Male,China,1999,No,,,,,,,,,,,,,,,,,,,
CEUS,Theo A. Arentze,Board,Male,Netherlands,1999,No,,,,,,,,,,,,,,,,,,,
JTG,Meleckidzedeck Khayesi,Board,Male,Switzerland,1999,No,,,,,,,,,,,,,,,,,,,
EPB,Richard Harris,Associate Editor,Male,UK,1999,Yes,,,,,,,,,,,,,,,,,,,
GA,Tao Cheng,Board,Female,UK,1999,Yes,,,,,,,,,,,,,,,,,,,
IJGIS,Tao Cheng,Board,Female,UK,1999,Yes,,,,,,,,,,,,,,,,,,,
JTG,Jon Shaw,Board,Male,UK,1999,Yes,,,,,,,,,,,,,,,,,,,
TGIS,Tao Cheng,Board,Female,UK,1999,Yes,,,,,,,,,,,,,,,,,,,
GA,Kathleen Stewart,Board,Female,USA,1999,Yes,,,,,,,,,,,,,,,,,,,
IJGIS,Kathleen Stewart ,Board,Female,USA,1999,Yes,,,,,,,,,,,,,,,,,,,
IJGIS,Tom Cova,Board,Male,USA,1999,Yes,,,,,,,,,,,,,,,,,,,
TGIS,Kathleen Stewart,Board,Female,USA,1999,Yes,,,,,,,,,,,,,,,,,,,
CEUS,Sisi Zlatanova,Board,Female,Australia,2000,Yes,,,,,,,,,,,,,,,,,,,
TGIS,Clodoveu Davis Jr.,Board,Male,Brazil,2000,No,,,,,,,,,,,,,,,,,,,
GA,Antonio Paez,Board,Male,Canada,2000,Yes,,,,,,,,,,,,,,,,,,,
IJGIS,Antonio Paez,Board,Male,Canada,2000,Yes,,,,,,,,,,,,,,,,,,,
JGS,Antonio Paez,Editor in Chief,Male,Canada,2000,Yes,,,,,,,,,,,,,,,,,,,
JTG,Antonio Paez,Board,Male,Canada,2000,Yes,,,,,,,,,,,,,,,,,,,
TGIS,Nadine Schuurman,Board,Female,Canada,2000,Yes,,,,,,,,,,,,,,,,,,,
CEUS,Tinghua Ai,Board,Male,China,2000,No,,,,,,,,,,,,,,,,,,,
JTG,Joachim Scheiner,Board,Male,Germany,2000,No,,,,,,,,,,,,,,,,,,,
JTG,Martin Lanzendorf,Board,Male,Germany,2000,No,,,,,,,,,,,,,,,,,,,
EPB,Francesca Pagliara,Board,Female,Italy,2000,No,,,,,,,,,,,,,,,,,,,
PSP,Valentina Mazzucato,Board,Female,Netherlands,2000,No,,,,,,,,,,,,,,,,,,,
CEUS,David O'Sullivan,Board,Male,New Zealand,2000,Yes,,,,,,,,,,,,,,,,,,,
EPB,David O'Sullivan,Board,Male,New Zealand,2000,Yes,,,,,,,,,,,,,,,,,,,
GA,David O'Sullivan,Board,Male,New Zealand,2000,Yes,,,,,,,,,,,,,,,,,,,
IJGIS,David O'Sullivan,Associate Editor,Male,New Zealand,2000,Yes,,,,,,,,,,,,,,,,,,,
EPB,Seraphim Alvanides,Book,Male,UK,2000,Yes,,,,,,,,,,,,,,,,,,,
GA,Darla Munroe,Board,Female,USA,2000,Yes,,,,,,,,,,,,,,,,,,,
JGS,Donald Lacombe,Board,Male,USA,2000,Yes,,,,,,,,,,,,,,,,,,,
TGIS,David O'Sullivan,Board,Male,USA,2000,Yes,,,,,,,,,,,,,,,,,,,
TGIS,Ross Meentemeyer,Board,Male,USA,2000,Yes,,,,,,,,,,,,,,,,,,,
EPB,Yan Liu,Board,Female,Australia,2001,Yes,,,,,,,,,,,,,,,,,,,
IJGIS,Shawn Laffan,Associate Editor,Male,Australia,2001,Yes,,,,,,,,,,,,,,,,,,,
PSP,Dimitris Ballas,Board,Male,Netherlands,2001,No,,,,,,,,,,,,,,,,,,,
TGIS,Antoni Moore,Board,Male,New Zealand,2001,Yes,,,,,,,,,,,,,,,,,,,
TGIS,Martin Raubal,Board,Male,Switzerland,2001,No,,,,,,,,,,,,,,,,,,,
CEUS,Yongmei Lu,Board,Female,USA,2001,Yes,,,,,,,,,,,,,,,,,,,
CEUS,Tony Grubesic,Editor in Chief,Male,USA,2001,Yes,,,,,,,,,,,,,,,,,,,
EPB,José Pinto Duarte,Board,Male,USA,2001,Yes,,,,,,,,,,,,,,,,,,,
GA,Tony Grubesic,Board,Male,USA,2001,Yes,,,,,,,,,,,,,,,,,,,
IJGIS,Jeremy Mennis,Board,Male,USA,2001,Yes,,,,,,,,,,,,,,,,,,,
IJGIS,Ming-Hsiang Tsou,Board,Male,USA,2001,Yes,,,,,,,,,,,,,,,,,,,
TGIS,Ola Ahlqvist,Board,Male,USA,2001,Yes,,,,,,,,,,,,,,,,,,,
JTG,Peter V. Hall,Associate Editor,Male,Canada,2002,Yes,,,,,,,,,,,,,,,,,,,
JGS,Julie le Gallo,Board,Female,France,2002,No,,,,,,,,,,,,,,,,,,,
PSP,Aslan Zorlu,Board,Male,Netherlands,2002,No,,,,,,,,,,,,,,,,,,,
PSP,Tialda Haartsen,Board,Female,Netherlands,2002,No,,,,,,,,,,,,,,,,,,,
TGIS,Derek Karssenberg,Board,Male,Netherlands,2002,No,,,,,,,,,,,,,,,,,,,
JGS,Manuel Ruiz Marin,Board,Male,Spain,2002,No,,,,,,,,,,,,,,,,,,,
CEUS,Elisabete Silva,Board,Female,UK,2002,Yes,,,,,,,,,,,,,,,,,,,
CEUS,Stuart Barr,Board,Male,UK,2002,Yes,,,,,,,,,,,,,,,,,,,
PSP,Paul Norman,Board,Male,UK,2002,Yes,,,,,,,,,,,,,,,,,,,
CEUS,Irene Casas,Board,Female,USA,2002,Yes,,,,,,,,,,,,,,,,,,,
CEUS,Kevin Curtin,Board,Male,USA,2002,Yes,,,,,,,,,,,,,,,,,,,
CEUS,Mark Horner,Board,Male,USA,2002,Yes,,,,,,,,,,,,,,,,,,,
CEUS,Xiaobai Yao,Board,Female,USA,2002,Yes,,,,,,,,,,,,,,,,,,,
IJGIS,Steve Manson,Board,Male,USA,2002,Yes,,,,,,,,,,,,,,,,,,,
JTG,Mark Horner,Board,Male,USA,2002,Yes,,,,,,,,,,,,,,,,,,,
CEUS,Chris Pettit,Board,Male,Australia,2003,Yes,,,,,,,,,,,,,,,,,,,
EPB,Linda See,Associate Editor,Female,Austria,2003,No,,,,,,,,,,,,,,,,,,,
JGS,Linda See,Board,Female,Austria,2003,No,,,,,,,,,,,,,,,,,,,
CEUS,Yu Liu,Associate Editor,Male,China,2003,No,,,,,,,,,,,,,,,,,,,
TGIS,Xi Chen,Board,Male,China,2003,No,,,,,,,,,,,,,,,,,,,
JTG,Hidenobu Matsumoto,Board,Male,Japan,2003,No,,,,,,,,,,,,,,,,,,,
JTG,Tim Schwanen,Board,Male,UK,2003,Yes,,,,,,,,,,,,,,,,,,,
PSP,Martin Ruhs,Board,Male,UK,2003,Yes,,,,,,,,,,,,,,,,,,,
PSP,Nissa Finney,Board,Female,UK,2003,Yes,,,,,,,,,,,,,,,,,,,
GA,Jennifer Miller,Associate Editor,Female,USA,2003,Yes,,,,,,,,,,,,,,,,,,,
IJGIS,Jennifer Miller,Associate Editor,Female,USA,2003,Yes,,,,,,,,,,,,,,,,,,,
JTG,Aaron Golub,Board,Male,USA,2003,Yes,,,,,,,,,,,,,,,,,,,
JTG,Julie Cidell,Board,Female,USA,2003,Yes,,,,,,,,,,,,,,,,,,,
IJGIS,Amy Griffin ,Board,Female,Australia,2004,Yes,,,,,,,,,,,,,,,,,,,
IJGIS,Nico Van de Weghe,Board,Male,Belgium,2004,No,,,,,,,,,,,,,,,,,,,
IJGIS,Xiang Li,Board,Male,China,2004,No,,,,,,,,,,,,,,,,,,,
CEUS,Juan Carlos Duque,Board,Male,Colombia,2004,No,,,,,,,,,,,,,,,,,,,
JTG,César Ducruet,Board,Male,France,2004,No,,,,,,,,,,,,,,,,,,,
TGIS,Peter Mooney,Associate Editor,Male,Ireland,2004,Yes,,,,,,,,,,,,,,,,,,,
CEUS,Jantien Stoter,Board,Female,Netherlands,2004,No,,,,,,,,,,,,,,,,,,,
TGIS,Chen-Chieh Feng,Board,Male,Singapore,2004,No,,,,,,,,,,,,,,,,,,,
CEUS,Alison Heppenstall,Associate Editor,Female,UK,2004,Yes,,,,,,,,,,,,,,,,,,,
GA,Alison Heppenstall,Board,Female,UK,2004,Yes,,,,,,,,,,,,,,,,,,,
GA,Rachel Franklin,Editor in Chief,Female,UK,2004,Yes,,,,,,,,,,,,,,,,,,,
JGS,Rachel Franklin,Board,Female,UK,2004,Yes,,,,,,,,,,,,,,,,,,,
PSP,David McCollum,Board,Male,UK,2004,Yes,,,,,,,,,,,,,,,,,,,
PSP,Rachel Franklin,Board,Female,UK,2004,Yes,,,,,,,,,,,,,,,,,,,
IJGIS,Shaowen Wang,Board,Male,USA,2004,Yes,,,,,,,,,,,,,,,,,,,
TGIS,Shaowen Wang,Board,Male,USA,2004,Yes,,,,,,,,,,,,,,,,,,,
JTG,Tim Ryley,Board,Male,Australia,2005,Yes,,,,,,,,,,,,,,,,,,,
JTG,Yusak Octavius Susilo,Board,Male,Austria,2005,No,,,,,,,,,,,,,,,,,,,
JTG,Ahmed El-Geneidy,Board,Male,Canada,2005,Yes,,,,,,,,,,,,,,,,,,,
EPB,Efrat Blumenfeld-Lieberthal,Board,Female,Israel,2005,No,,,,,,,,,,,,,,,,,,,
CEUS,Michael Lutz,Board,Male,Italy,2005,No,,,,,,,,,,,,,,,,,,,
JTG,Mark Zuidgeest,Associate Editor,Male,South Africa,2005,No,,,,,,,,,,,,,,,,,,,
IJGIS,Patrick Laube ,Board,Male,Switzerland,2005,No,,,,,,,,,,,,,,,,,,,
JTG,Helena Titheridge,Board,Female,UK,2005,Yes,,,,,,,,,,,,,,,,,,,
PSP,Jamie Goodwin-White,Board,Female,UK,2005,Yes,,,,,,,,,,,,,,,,,,,
CEUS,Eric Delmelle,Board,Male,USA,2005,Yes,,,,,,,,,,,,,,,,,,,
EPB,Moira Zellner,Board,Female,USA,2005,Yes,,,,,,,,,,,,,,,,,,,
GA,Trisalyn Nelson,Board,Female,USA,2005,Yes,,,,,,,,,,,,,,,,,,,
IJGIS,Trisalyn Nelson,Board,Female,USA,2005,Yes,,,,,,,,,,,,,,,,,,,
JGS,Eric Delmelle,Board,Male,USA,2005,Yes,,,,,,,,,,,,,,,,,,,
JGS,Olivier Parent,Board,Male,USA,2005,Yes,,,,,,,,,,,,,,,,,,,
CEUS,Marcus Foth,Board,Male,Australia,2006,Yes,,,,,,,,,,,,,,,,,,,
JTG,Ben Derudder,Board,Male,Belgium,2006,No,,,,,,,,,,,,,,,,,,,
JTG,Adolf Ng,Board,Male,Canada,2006,Yes,,,,,,,,,,,,,,,,,,,
JTG,Maria Attard,Board,Female,Malta,2006,No,,,,,,,,,,,,,,,,,,,
IJGIS,Arzu Coltekin,Board,Female,Switzerland,2006,No,,,,,,,,,,,,,,,,,,,
IJGIS,Urska Demsar,Associate Editor,Female,UK,2006,Yes,,,,,,,,,,,,,,,,,,,
TGIS,Alasdair Rae,Board,Male,UK,2006,Yes,,,,,,,,,,,,,,,,,,,
TGIS,Urska Demsar,Board,Female,UK,2006,Yes,,,,,,,,,,,,,,,,,,,
JTG,Deborah Salon,Board,Female,USA,2006,Yes,,,,,,,,,,,,,,,,,,,
IJGIS,Martin Tomko,Board,Male,Australia,2007,Yes,,,,,,,,,,,,,,,,,,,
JTG,Frédéric Dobruszkes,Board,Male,Belgium,2007,No,,,,,,,,,,,,,,,,,,,
CEUS,Xia Li,Board,Male,China,2007,No,,,,,,,,,,,,,,,,,,,
IJGIS,Maike Buchin,Board,Female,Germany,2007,No,,,,,,,,,,,,,,,,,,,
JTG,Brian Caulfield,Board,Male,Ireland,2007,Yes,,,,,,,,,,,,,,,,,,,
CEUS,John Östh,Board,Male,Sweden,2007,No,,,,,,,,,,,,,,,,,,,
CEUS,Alex Singleton,Board,Male,UK,2007,Yes,,,,,,,,,,,,,,,,,,,
EPB,Alasdair Rae,Board,Male,UK,2007,Yes,,,,,,,,,,,,,,,,,,,
GA,Alex Singleton,Board,Male,UK,2007,Yes,,,,,,,,,,,,,,,,,,,
JTG,Lucy Budd,Board,Female,UK,2007,Yes,,,,,,,,,,,,,,,,,,,
CEUS,Andrew Crooks,Board,Male,USA,2007,Yes,,,,,,,,,,,,,,,,,,,
CEUS,Daoqin Tong,Associate Editor,Female,USA,2007,Yes,,,,,,,,,,,,,,,,,,,
GA,Andrew Crooks,Board,Male,USA,2007,Yes,,,,,,,,,,,,,,,,,,,
GA,Christopher Fowler,Board,Male,USA,2007,Yes,,,,,,,,,,,,,,,,,,,
GA,Daoqin Tong,Board,Female,USA,2007,Yes,,,,,,,,,,,,,,,,,,,
IJGIS,Andrew Crooks,Board,Male,USA,2007,Yes,,,,,,,,,,,,,,,,,,,
IJGIS,Jared Aldstadt,Board,Male,USA,2007,Yes,,,,,,,,,,,,,,,,,,,
PSP,Stefanie Kley,Board,Female,Germany,2008,No,,,,,,,,,,,,,,,,,,,
CEUS,Eric Koomen,Board,Male,Netherlands,2008,No,,,,,,,,,,,,,,,,,,,
PSP,Ajay Bailey,Board,Male,Netherlands,2008,No,,,,,,,,,,,,,,,,,,,
CEUS,Arika Ligmann-Zielinska,Board,Female,USA,2008,Yes,,,,,,,,,,,,,,,,,,,
GA,Seth Spielman,Board,Male,USA,2008,Yes,,,,,,,,,,,,,,,,,,,
JGS,Julia Koschinsky,Board,Female,USA,2008,Yes,,,,,,,,,,,,,,,,,,,
JTG,Pengjun Zhao,Board,Male,China,2009,No,,,,,,,,,,,,,,,,,,,
JTG,Simon Blainey,Board,Male,UK,2009,Yes,,,,,,,,,,,,,,,,,,,
JTG,Liton Kamruzzaman,Board,Male,Australia,2010,Yes,,,,,,,,,,,,,,,,,,,
CEUS,Flávia da Fonseca Feitosa,Board,Female,Brazil,2010,No,,,,,,,,,,,,,,,,,,,
GA,Steven Farber,Board,Male,Canada,2010,Yes,,,,,,,,,,,,,,,,,,,
JTG,Steven Farber,Board,Male,Canada,2010,Yes,,,,,,,,,,,,,,,,,,,
JTG,Veronique Van Acker,Board,Female,Luxembourg,2010,No,,,,,,,,,,,,,,,,,,,
CEUS,Kai Cao,Board,Male,Singapore,2010,No,,,,,,,,,,,,,,,,,,,
PSP,Karen Haandrikman,Board,Female,Sweden,2010,No,,,,,,,,,,,,,,,,,,,
EPB,Daniel Arribas-Bel,Associate Editor,Male,UK,2010,Yes,,,,,,,,,,,,,,,,,,,
GA,Daniel Arribas-Bel,Board,Male,UK,2010,Yes,,,,,,,,,,,,,,,,,,,
IJGIS,Jonathan Reades,Board,Male,UK,2010,Yes,,,,,,,,,,,,,,,,,,,
JTG,Kate Pangbourne,Associate Editor,Female,UK,2010,Yes,,,,,,,,,,,,,,,,,,,
TGIS,Dani Aribas-Bel,Board,Male,UK,2010,Yes,,,,,,,,,,,,,,,,,,,
CEUS,Elizabeth Mack,Board,Female,USA,2010,Yes,,,,,,,,,,,,,,,,,,,
CEUS,Wenwen Li,Board,Female,USA,2010,Yes,,,,,,,,,,,,,,,,,,,
GA,Wenwen Li,Board,Female,USA,2010,Yes,,,,,,,,,,,,,,,,,,,
JTG,Bradley W. Lane,Board,Male,USA,2010,Yes,,,,,,,,,,,,,,,,,,,
PSP,Elin Charles-Edwards,Board,Female,Australia,2011,Yes,,,,,,,,,,,,,,,,,,,
JTG,Kobe Boussauw,Board,Male,Belgium,2011,No,,,,,,,,,,,,,,,,,,,
EPB,Long Ying,Board,Male,China,2011,No,,,,,,,,,,,,,,,,,,,
PSP,Nikola Sander,Board,Female,Netherlands,2011,No,,,,,,,,,,,,,,,,,,,
TGIS,James Cheshire,Board,Male,UK,2011,Yes,,,,,,,,,,,,,,,,,,,
CEUS,Somayeh Dodge,Board,Female,USA,2011,Yes,,,,,,,,,,,,,,,,,,,
GA,Clio Andris,Board,Female,USA,2011,Yes,,,,,,,,,,,,,,,,,,,
GA,Somayeh Dodge,Board,Female,USA,2011,Yes,,,,,,,,,,,,,,,,,,,
TGIS,Agnieszka Leszczynski,Board,Female,Canada,2012,Yes,,,,,,,,,,,,,,,,,,,
IJGIS,Sabine Storandt,Board,Female,Germany,2012,No,,,,,,,,,,,,,,,,,,,
JGS,Yee Leung,Board,Male,Hong Kong,2012,No,,,,,,,,,,,,,,,,,,,
CEUS,Alyssa Chamberlain,Board,Female,USA,2012,Yes,,,,,,,,,,,,,,,,,,,
GA,Elizabeth Delmelle,Board,Female,USA,2012,Yes,,,,,,,,,,,,,,,,,,,
JTG,Elizabeth Delmelle,Associate Editor,Female,USA,2012,Yes,,,,,,,,,,,,,,,,,,,
CEUS,Xiaolei Ma,Board,Male,China,2013,No,,,,,,,,,,,,,,,,,,,
JTG,Angela Curl,Book,Female,New Zealand,2013,Yes,,,,,,,,,,,,,,,,,,,
IJGIS,Jing Yao,Board,Female,UK,2013,Yes,,,,,,,,,,,,,,,,,,,
JTG,Chia-Lin Chen,Board,Female,UK,2013,Yes,,,,,,,,,,,,,,,,,,,
JTG,Debbie Hopkins,Board,Female,UK,2013,Yes,,,,,,,,,,,,,,,,,,,
PSP,James Esson,Board,Male,UK,2013,Yes,,,,,,,,,,,,,,,,,,,
CEUS,Cathy Liu,Board,Female,USA,2013,Yes,,,,,,,,,,,,,,,,,,,
CEUS,Ran Wei,Board,Female,USA,2013,Yes,,,,,,,,,,,,,,,,,,,
PSP,Michael J Thomas,Board,Male,Netherlands,2014,No,,,,,,,,,,,,,,,,,,,
EPB,Guanpeng Dong,Board,Male,UK,2014,Yes,,,,,,,,,,,,,,,,,,,
EPB,Robin Lovelace,Board,Male,UK,2014,Yes,,,,,,,,,,,,,,,,,,,
JTG,Xing-Jian Liu,Board,Male,Hong Kong,2015,No,,,,,,,,,,,,,,,,,,,
JTG,Jonas De Vos,Board,Male,UK,2015,Yes,,,,,,,,,,,,,,,,,,,
PSP,Christiane Kuptsch,Board,Female,Switzerland,NA,No,,,,,,,,,,,,,,,,,,,
EPB,Sarah Williams,Associate Editor,Female,USA,NA,Yes,,,,,,,,,,,,,,,,,,,